ip,port,code,country,anonymity,google,https,last checked
20.87.74.129,8000,ZA,South Africa,anonymous,no,yes,1 min ago
193.29.53.26,3128,KZ,Kazakhstan,anonymous,no,yes,1 min ago
14.207.122.179,8080,TH,Thailand,anonymous,no,yes,1 min ago
20.25.167.141,8000,US,United States,anonymous,no,yes,1 min ago
51.104.53.182,8000,GB,United Kingdom,anonymous,no,yes,1 min ago
51.104.54.231,8000,GB,United Kingdom,anonymous,no,yes,1 min ago
110.238.73.59,3128,MX,Mexico,elite proxy,no,yes,1 min ago
20.90.42.211,8000,GB,United Kingdom,anonymous,no,yes,1 min ago
20.163.162.156,8000,US,United States,anonymous,no,yes,1 min ago
20.163.162.168,8000,US,United States,anonymous,no,yes,1 min ago
192.53.163.144,3128,US,United States,elite proxy,no,yes,1 min ago
20.24.72.149,8000,HK,Hong Kong,anonymous,no,yes,1 min ago
110.34.1.46,3128,NP,Nepal,anonymous,no,yes,1 min ago
20.113.137.1,8000,DE,Germany,anonymous,no,yes,1 min ago
176.31.68.254,20054,FR,France,elite proxy,no,yes,1 min ago
104.208.98.217,8000,HK,Hong Kong,anonymous,no,yes,1 min ago
20.213.100.107,8000,AU,Australia,anonymous,no,yes,1 min ago
20.206.77.240,8000,BR,Brazil,anonymous,no,yes,1 min ago
20.77.253.35,8000,GB,United Kingdom,anonymous,no,yes,1 min ago
51.103.18.89,8000,FR,France,anonymous,no,yes,1 min ago
20.205.41.88,8000,HK,Hong Kong,anonymous,no,yes,1 min ago
51.103.31.21,8000,FR,France,anonymous,no,yes,1 min ago
104.208.75.168,8000,HK,Hong Kong,anonymous,no,yes,1 min ago
51.103.20.134,8000,FR,France,anonymous,no,yes,1 min ago
